{
  "project_info": {
    "project_number": "665214598110",
    "project_id": "todolist-b96f0",
    "storage_bucket": "todolist-b96f0.appspot.com"
  },
  "client": [
    {
      "client_info": {
        "mobilesdk_app_id": "1:665214598110:android:f6e33aacb4388b8bba7b4f",
        "android_client_info": {
          "package_name": "com.mohhgaza.todolist"
        }
      },
      "oauth_client": [
        {
          "client_id": "665214598110-n3abggg7uv3uvpfrvv128ke0g87fdqcn.apps.googleusercontent.com",
          "client_type": 3
        }
      ],
      "api_key": [
        {
          "current_key": "AIzaSyAIcfeIP5SB4HzPDWzThyMJk1D4K1k4UkA"
        }
      ],
      "services": {
        "appinvite_service": {
          "other_platform_oauth_client": [
            {
              "client_id": "665214598110-n3abggg7uv3uvpfrvv128ke0g87fdqcn.apps.googleusercontent.com",
              "client_type": 3
            }
          ]
        }
      }
    }
  ],
  "configuration_version": "1"
}